episode,reward,steps
1,-587,200
2,-569,200
3,-596,200
4,-533,200
5,-524,200
6,-416,200
7,-596,200
8,-587,200
9,-416,200
10,-353,200
11,-380,200
12,-425,200
13,-533,200
14,-254,200
15,-326,200
16,-353,200
17,-524,200
18,-434,200
19,-290,200
20,-578,200
21,-551,200
22,-506,200
23,-387,156
24,-299,200
25,-329,116
26,-380,200
27,-109,85
28,-425,200
29,-335,200
30,-380,200
31,-470,200
32,-308,200
33,-290,200
34,-389,200
35,-461,200
36,-263,200
37,-353,200
38,-288,192
39,-263,200
40,-245,200
41,-185,134
42,-227,200
43,-308,200
44,-272,200
45,-326,200
46,-245,200
47,-254,200
48,-227,200
49,-101,86
50,-254,200
51,-236,200
52,-218,200
53,-272,200
54,-245,200
55,-281,200
56,-245,200
57,-225,147
58,-236,200
59,-272,200
60,-63,57
61,-159,126
62,-147,150
63,-227,200
64,-245,200
65,-317,200
66,-290,200
67,-290,200
68,-208,148
69,-290,200
70,-130,106
71,-254,200
72,-353,200
73,-218,200
74,-254,200
75,-272,200
76,-124,127
77,-380,200
78,-121,106
79,-11,14
80,-214,181
81,-281,200
82,-254,200
83,-272,200
84,-236,200
85,-29,50
86,-197,164
87,-245,200
88,-90,84
89,-389,200
90,-51,63
91,-245,200
92,-254,200
93,-416,200
94,-245,200
95,-250,163
96,-272,200
97,-161,137
98,-29,32
99,-141,126
100,-211,178
101,-353,200
102,-290,200
103,-318,186
104,-247,187
105,-416,200
106,-344,200
107,-214,190
108,-254,200
109,-140,116
110,-236,140
111,-344,200
112,-263,200
113,-245,200
114,-173,104
115,-272,200
116,-167,125
117,-146,122
118,-289,175
119,-308,200
120,-159,135
121,-326,200
122,-167,107
123,-157,142
124,-362,200
125,-84,78
126,-317,200
127,-146,131
128,-188,164
129,-290,200
130,-254,200
131,-149,134
132,-61,55
133,-254,200
134,-19,31
135,-165,132
136,-221,179
137,-263,200
138,-161,128
139,-281,200
140,-131,134
141,-70,91
142,-211,187
143,-195,153
144,-208,175
145,-281,200
146,-335,200
147,-216,183
148,-290,200
149,-122,116
150,10,11
151,-238,169
152,-121,124
153,-177,135
154,-185,143
155,-179,146
156,-264,177
157,-106,109
158,-182,140
159,7,14
160,-227,194
161,-131,125
162,-216,174
163,-201,159
164,-135,120
165,-269,182
166,-172,157
167,-170,110
168,-155,140
169,-178,136
170,-191,149
171,-272,200
172,-139,124
173,-152,137
174,-110,113
175,-371,200
176,-180,174
177,-281,200
178,-128,77
179,-142,109
180,-367,199
181,-227,200
182,-45,57
183,-221,152
184,-67,52
185,-117,84
186,-11,23
187,-28,31
188,-179,110
189,-321,189
190,-132,99
191,-176,152
192,-257,152
193,-130,106
194,-198,165
195,-81,66
196,-118,112
197,8,13
198,-114,108
199,-47,68
200,-243,192
201,-156,150
202,-63,75
203,-101,77
204,-163,139
205,-19,31
206,-119,86
207,0,12
208,-16,28
209,-83,59
210,11,10
211,-238,169
212,-37,58
213,-82,76
214,-13,25
215,-41,53
216,-104,89
217,-265,187
218,6,15
219,-170,137
220,-92,77
221,-65,59
222,-126,120
223,-78,81
224,-189,174
225,-181,157
226,-57,69
227,-310,196
228,-162,156
229,-129,105
230,-39,42
231,-37,31
232,-245,200
233,-130,106
234,-61,82
235,-69,54
236,-143,110
237,-103,88
238,-72,66
239,-45,48
240,-80,74
241,-102,105
242,-111,114
243,-94,97
244,-78,90
245,-141,90
246,-114,99
247,-74,68
248,-85,79
249,-308,200
250,2,19
251,-52,64
252,-10,31
253,-33,36
254,-5,26
255,-193,142
256,-39,51
257,-129,96
258,-162,147
259,-130,124
260,8,13
261,-75,69
262,-344,200
263,-82,94
264,-97,91
265,-78,81
266,4,17
267,-200,167
268,-74,68
269,-51,36
270,-123,99
271,-160,127
272,-12,15
273,-235,175
274,-25,37
275,-52,55
276,-107,101
277,-49,70
278,-40,43
279,10,11
280,-117,111
281,-23,35
282,-3,24
283,-22,25
284,-3,24
285,-123,117
286,10,11
287,-86,98
288,-40,52
289,-179,173
290,-16,19
291,-3,24
292,-154,148
293,-5,17
294,-35,38
295,-144,120
296,-85,61
297,9,12
298,-113,116
299,-43,55
300,-102,105
301,-111,96
302,4,17
303,-164,95
304,-84,78
305,-60,81
306,-86,80
307,-65,77
308,-122,107
309,8,13
310,0,21
311,-134,119
312,-32,44
313,-2,14
314,-18,21
315,-23,26
316,-105,108
317,-119,95
318,-13,25
319,-36,48
320,-57,69
321,-132,99
322,-15,36
323,-82,85
324,-110,104
325,-33,45
326,-23,26
327,-165,114
328,-57,69
329,-125,101
330,-108,66
331,-18,30
332,-75,60
333,-32,44
334,9,12
335,-34,37
336,-76,61
337,-4,25
338,-84,69
339,-78,99
340,13,8
341,-19,31
342,-111,96
343,-158,125
344,-55,58
345,-91,103
346,-55,67
347,-69,81
348,-43,46
349,8,13
350,-70,82
351,-51,54
352,-28,40
353,1,11
354,-37,49
355,5,16
356,-66,51
357,-71,74
358,11,10
359,-2,23
360,-65,68
361,-55,49
362,6,15
363,-69,72
364,-68,62
365,9,12
366,-98,83
367,-39,42
368,-1,22
369,-5,26
370,-155,140
371,-112,88
372,-34,37
373,-43,46
374,-56,59
375,-43,46
376,-5,17
377,-29,32
378,-24,36
379,-101,95
380,-65,68
381,-49,61
382,-54,66
383,-113,62
384,13,8
385,-107,110
386,-70,73
387,-57,51
388,-8,20
389,-3,15
390,-9,30
391,-65,77
392,-93,105
393,-36,39
394,-69,72
395,-13,34
396,-36,39
397,-51,45
398,-139,124
399,-8,29
400,10,11
401,-63,75
402,-59,71
403,-4,16
404,13,8
405,13,8
406,-55,49
407,-12,33
408,-7,19
409,-115,73
410,-73,67
411,6,15
412,-50,35
413,-37,40
414,10,11
415,-32,44
416,-91,85
417,-12,15
418,-59,62
419,-117,84
420,-12,33
421,-24,27
422,-39,51
423,-72,75
424,-117,84
425,-1,13
426,-18,39
427,-22,43
428,-92,77
429,-23,44
430,-6,18
431,15,6
432,5,16
433,-10,31
434,10,11
435,-5,17
436,-91,76
437,7,14
438,-14,35
439,-27,39
440,15,6
441,11,10
442,-46,40
443,-6,27
444,-52,55
445,-146,104
446,-7,19
447,-38,23
448,6,15
449,-52,46
450,-7,28
451,-23,35
452,-19,31
453,0,12
454,-39,33
455,-9,30
456,-112,79
457,-6,18
458,4,8
459,-15,27
460,-6,18
461,-16,28
462,-82,76
463,-61,64
464,-6,18
465,-47,50
466,-72,57
467,13,8
468,10,11
469,8,13
470,-34,55
471,-21,33
472,-40,43
473,2,19
474,-4,16
475,12,9
476,-24,36
477,12,9
478,-4,25
479,-23,26
480,-33,27
481,-12,24
482,-42,45
483,-47,50
484,11,10
485,-13,25
486,-63,57
487,-8,29
488,0,21
489,-100,76
490,-1,13
491,-3,24
492,-45,39
493,-42,54
494,-53,47
495,-15,27
496,-1,13
497,-50,62
498,-5,26
499,-18,30
500,-15,27
501,-12,24
502,6,15
503,-2,23
504,11,10
505,-55,58
506,-65,50
507,-2,14
508,10,11
509,-33,27
510,10,11
511,5,16
512,-27,39
513,2,10
514,9,12
515,0,12
516,-6,27
517,-4,25
518,-2,14
519,-21,33
520,9,12
521,-12,33
522,7,14
523,-27,48
524,-9,21
525,11,10
526,2,19
527,-70,73
528,-49,61
529,10,11
530,9,12
531,-3,15
532,10,11
533,-11,32
534,-2,14
535,2,19
536,2,19
537,-27,39
538,-37,40
539,-20,32
540,9,12
541,-14,26
542,-4,25
543,-5,17
544,1,20
545,0,21
546,-10,22
547,-9,30
548,-52,55
549,-22,25
550,-60,54
551,1,20
552,2,10
553,-82,67
554,12,9
555,4,17
556,-51,54
557,-35,38
558,-16,28
559,-5,17
560,0,12
561,-27,30
562,-14,26
563,2,10
564,7,14
565,-36,39
566,-1,13
567,7,14
568,7,14
569,-6,18
570,-3,15
571,-73,67
572,11,10
573,10,11
574,-5,26
575,10,11
576,-23,44
577,-35,29
578,-25,28
579,-58,43
580,2,19
581,-1,13
582,8,13
583,-1,13
584,10,11
585,0,21
586,4,17
587,1,20
588,-2,23
589,-6,18
590,0,12
591,4,17
592,6,15
593,-25,28
594,-1,13
595,12,9
596,12,9
597,5,16
598,5,16
599,5,16
600,7,14
601,-14,17
602,9,12
603,-54,39
604,-9,30
605,10,11
606,-33,36
607,1,20
608,-62,56
609,-27,30
610,-1,22
611,4,17
612,-14,17
613,9,12
614,6,15
615,-19,31
616,-50,44
617,-27,39
618,6,15
619,1,20
620,-3,24
621,9,12
622,-13,25
623,-12,24
624,2,10
625,-5,26
626,5,16
627,-4,25
628,11,10
629,-10,31
630,10,11
631,-4,16
632,-7,19
633,-3,15
634,9,12
635,6,15
636,2,19
637,-6,18
638,-12,24
639,-46,49
640,-18,21
641,1,20
642,8,13
643,-5,17
644,9,12
645,4,17
646,3,9
647,1,11
648,-34,46
649,-20,23
650,6,15
651,11,10
652,2,10
653,13,8
654,-23,35
655,10,11
656,-28,31
657,11,10
658,-4,16
659,0,12
660,-3,15
661,1,11
662,8,13
663,-39,33
664,-3,24
665,7,14
666,8,13
667,-16,19
668,2,19
669,7,14
670,-68,62
671,1,20
672,-1,13
673,12,9
674,-3,24
675,9,12
676,-4,16
677,-47,50
678,4,17
679,7,14
680,11,10
681,-14,17
682,-17,29
683,4,17
684,-3,24
685,-4,16
686,-27,30
687,12,9
688,-2,23
689,-11,23
690,14,7
691,0,12
692,5,16
693,-2,14
694,-17,29
695,7,14
696,2,19
697,-7,19
698,-5,17
699,-7,19
700,2,19
701,-61,46
702,-10,22
703,8,13
704,3,18
705,7,14
706,9,12
707,-1,13
708,-4,16
709,9,12
710,-48,42
711,-4,16
712,9,12
713,-15,27
714,0,21
715,7,14
716,11,10
717,8,13
718,-10,13
719,10,11
720,-7,28
721,-8,29
722,7,14
723,8,13
724,4,17
725,0,12
726,-6,18
727,-1,13
728,-4,16
729,-3,15
730,2,19
731,1,11
732,-1,22
733,2,19
734,1,20
735,-18,30
736,4,17
737,11,10
738,10,11
739,4,17
740,5,16
741,-25,28
742,10,11
743,-9,21
744,7,14
745,-26,29
746,2,19
747,-2,14
748,11,10
749,6,15
750,11,10
751,2,19
752,2,19
753,-7,10
754,-12,24
755,-23,17
756,12,9
757,10,11
758,4,17
759,6,15
760,0,12
761,1,20
762,-26,20
763,-3,15
764,-11,32
765,2,19
766,9,12
767,6,15
768,9,12
769,1,20
770,5,16
771,-2,23
772,-6,18
773,1,11
774,3,9
775,-4,16
776,13,8
777,0,12
778,-5,17
779,7,14
780,7,14
781,6,15
782,-7,28
783,6,15
784,8,13
785,-6,18
786,-1,22
787,-13,16
788,-21,24
789,7,14
790,-38,32
791,8,13
792,-1,13
793,-21,24
794,10,11
795,15,6
796,7,14
797,-22,16
798,-4,16
799,1,20
800,-34,19
801,1,20
802,8,13
803,6,15
804,-7,28
805,5,16
806,-3,24
807,-10,22
808,6,15
809,14,7
810,6,15
811,5,16
812,-14,17
813,-8,20
814,9,12
815,7,14
816,-16,19
817,5,16
818,9,12
819,3,18
820,-6,18
821,3,18
822,10,11
823,-2,14
824,1,11
825,-2,14
826,-3,15
827,-5,17
828,7,14
829,-5,17
830,-18,30
831,6,15
832,8,13
833,-2,14
834,-3,15
835,2,19
836,8,13
837,-18,30
838,-14,17
839,-8,29
840,-9,21
841,8,13
842,8,13
843,14,7
844,6,15
845,-4,25
846,12,9
847,6,15
848,1,20
849,-15,36
850,6,15
851,9,12
852,9,12
853,6,15
854,9,12
855,6,15
856,-4,16
857,-3,24
858,-6,18
859,7,14
860,3,18
861,-14,26
862,7,14
863,2,19
864,-27,21
865,7,14
866,-3,15
867,0,21
868,10,11
869,5,16
870,5,16
871,-20,32
872,12,9
873,10,11
874,2,19
875,10,11
876,-9,21
877,5,16
878,4,17
879,-4,16
880,-3,15
881,5,16
882,10,11
883,6,15
884,-7,19
885,-10,22
886,6,15
887,6,15
888,9,12
889,-4,16
890,-3,15
891,4,17
892,2,10
893,-10,22
894,-4,16
895,-12,24
896,-6,18
897,8,13
898,6,15
899,5,16
900,-4,25
901,12,9
902,10,11
903,-6,18
904,10,11
905,5,16
906,-7,19
907,9,12
908,8,13
909,5,16
910,10,11
911,6,15
912,-5,17
913,6,15
914,9,12
915,-10,22
916,-5,17
917,-14,17
918,-2,14
919,0,12
920,6,15
921,-8,20
922,4,17
923,-2,14
924,-12,24
925,-10,22
926,-2,14
927,11,10
928,2,19
929,3,18
930,-7,19
931,9,12
932,-6,27
933,6,15
934,10,11
935,12,9
936,-15,27
937,7,14
938,4,17
939,10,11
940,3,9
941,11,10
942,8,13
943,9,12
944,-2,14
945,11,10
946,7,14
947,-3,15
948,7,14
949,-17,20
950,5,16
951,9,12
952,7,14
953,-10,22
954,9,12
955,6,15
956,1,20
957,8,13
958,9,12
959,3,18
960,4,8
961,0,12
962,9,12
963,9,12
964,-2,14
965,11,10
966,-4,16
967,9,12
968,7,14
969,-4,16
970,6,15
971,6,15
972,-4,16
973,3,18
974,-6,18
975,-5,17
976,8,13
977,10,11
978,1,20
979,1,20
980,11,10
981,5,16
982,-1,22
983,2,19
984,6,15
985,-22,16
986,-4,16
987,-9,21
988,-6,18
989,12,9
990,7,14
991,-5,17
992,-14,17
993,8,13
994,-8,20
995,8,13
996,9,12
997,-12,24
998,8,13
999,6,15
1000,-22,34
1001,-14,17
1002,5,16
1003,-5,17
1004,11,10
1005,-14,17
1006,-1,22
1007,7,14
1008,6,15
1009,-12,24
1010,-1,13
1011,9,12
1012,4,17
1013,9,12
1014,0,12
1015,-6,18
1016,7,14
1017,5,16
1018,4,17
1019,-3,15
1020,0,21
1021,8,13
1022,0,21
1023,-9,12
1024,4,17
1025,6,15
1026,7,14
1027,-2,14
1028,-7,19
1029,-7,19
1030,3,18
1031,6,15
1032,0,12
1033,7,14
1034,-21,24
1035,6,15
1036,-4,16
1037,-1,22
1038,8,13
1039,8,13
1040,4,17
1041,5,16
1042,-1,13
1043,-4,16
1044,11,10
1045,10,11
1046,7,14
1047,6,15
1048,11,10
1049,14,7
1050,-12,24
1051,6,15
1052,6,15
1053,6,15
1054,12,9
1055,9,12
1056,6,15
1057,4,17
1058,-4,16
1059,13,8
1060,9,12
1061,-21,24
1062,13,8
1063,-4,16
1064,8,13
1065,3,18
1066,2,19
1067,8,13
1068,13,8
1069,-17,20
1070,14,7
1071,12,9
1072,-1,13
1073,6,15
1074,9,12
1075,2,10
1076,5,16
1077,-9,21
1078,6,15
1079,6,15
1080,9,12
1081,10,11
1082,-24,18
1083,-4,16
1084,10,11
1085,-5,17
1086,4,17
1087,10,11
1088,-8,20
1089,-4,16
1090,-10,22
1091,7,14
1092,3,18
1093,9,12
1094,-2,14
1095,1,20
1096,-6,18
1097,8,13
1098,7,14
1099,10,11
1100,4,17
1101,4,17
1102,10,11
1103,4,17
1104,5,16
1105,7,14
1106,14,7
1107,9,12
1108,-10,22
1109,1,20
1110,4,17
1111,1,11
1112,-1,13
1113,-7,19
1114,3,18
1115,-19,22
1116,11,10
1117,4,17
1118,-20,32
1119,0,21
1120,7,14
1121,9,12
1122,7,14
1123,-9,21
1124,-20,23
1125,4,17
1126,10,11
1127,8,13
1128,7,14
1129,2,10
1130,10,11
1131,1,20
1132,-27,21
1133,-16,19
1134,5,16
1135,0,12
1136,6,15
1137,10,11
1138,1,11
1139,6,15
1140,7,14
1141,4,17
1142,-4,25
1143,10,11
1144,0,12
1145,-7,19
1146,2,19
1147,-14,17
1148,5,16
1149,-3,15
1150,6,15
1151,6,15
1152,-12,24
1153,3,18
1154,1,11
1155,10,11
1156,-18,21
1157,11,10
1158,0,21
1159,-4,25
1160,-22,16
1161,-1,13
1162,4,17
1163,10,11
1164,-3,24
1165,-10,13
1166,-6,18
1167,-6,18
1168,8,13
1169,8,13
1170,7,14
1171,6,15
1172,5,16
1173,5,16
1174,-17,20
1175,2,10
1176,1,20
1177,-5,17
1178,-4,16
1179,7,14
1180,10,11
1181,9,12
1182,6,15
1183,-1,13
1184,-5,17
1185,2,10
1186,8,13
1187,-3,15
1188,8,13
1189,7,14
1190,-4,25
1191,7,14
1192,6,15
1193,-6,18
1194,6,15
1195,-8,20
1196,8,13
1197,7,14
1198,11,10
1199,8,13
1200,-18,21
1201,-1,13
1202,12,9
1203,2,19
1204,4,17
1205,11,10
1206,2,19
1207,9,12
1208,7,14
1209,-3,15
1210,4,17
1211,8,13
1212,9,12
1213,8,13
1214,-13,25
1215,-13,16
1216,-8,20
1217,-4,16
1218,-3,15
1219,6,15
1220,-5,17
1221,5,16
1222,7,14
1223,-4,16
1224,12,9
1225,1,20
1226,4,17
1227,12,9
1228,-7,19
1229,11,10
1230,-16,19
1231,11,10
1232,9,12
1233,12,9
1234,-6,18
1235,9,12
1236,3,18
1237,-4,16
1238,-3,15
1239,6,15
1240,7,14
1241,-6,18
1242,-6,18
1243,7,14
1244,10,11
1245,8,13
1246,-5,17
1247,10,11
1248,7,14
1249,-7,19
1250,2,19
1251,2,10
1252,4,17
1253,-7,19
1254,3,18
1255,-2,14
1256,-5,17
1257,-6,18
1258,14,7
1259,5,16
1260,9,12
1261,10,11
1262,1,20
1263,5,16
1264,1,20
1265,3,18
1266,-8,20
1267,4,17
1268,8,13
1269,-6,18
1270,6,15
1271,8,13
1272,-4,25
1273,0,12
1274,8,13
1275,10,11
1276,8,13
1277,-1,13
1278,-20,14
1279,-7,19
1280,9,12
1281,-5,17
1282,-1,13
1283,12,9
1284,10,11
1285,10,11
1286,13,8
1287,3,18
1288,-2,14
1289,8,13
1290,13,8
1291,-9,21
1292,0,12
1293,-1,13
1294,-1,13
1295,-7,19
1296,-16,19
1297,6,15
1298,5,16
1299,8,13
1300,-3,15
1301,5,16
1302,1,20
1303,1,11
1304,10,11
1305,-9,12
1306,8,13
1307,-3,15
1308,10,11
1309,5,16
1310,12,9
1311,-30,15
1312,5,16
1313,5,16
1314,9,12
1315,6,15
1316,2,19
1317,5,16
1318,9,12
1319,8,13
1320,0,21
1321,2,19
1322,-7,19
1323,2,19
1324,-3,15
1325,7,14
1326,-4,16
1327,-7,19
1328,1,11
1329,-14,17
1330,6,15
1331,9,12
1332,7,14
1333,-3,15
1334,6,15
1335,4,17
1336,8,13
1337,-18,21
1338,4,17
1339,9,12
1340,5,16
1341,10,11
1342,6,15
1343,12,9
1344,10,11
1345,7,14
1346,-13,16
1347,2,19
1348,-7,19
1349,-2,14
1350,7,14
1351,4,17
1352,14,7
1353,4,17
1354,9,12
1355,15,6
1356,-3,15
1357,3,18
1358,5,16
1359,9,12
1360,9,12
1361,-13,25
1362,1,20
1363,-5,17
1364,-17,20
1365,-15,18
1366,9,12
1367,6,15
1368,4,17
1369,-16,19
1370,5,16
1371,7,14
1372,13,8
1373,8,13
1374,6,15
1375,-9,21
1376,6,15
1377,5,16
1378,2,19
1379,11,10
1380,1,20
1381,6,15
1382,6,15
1383,8,13
1384,4,17
1385,5,16
1386,7,14
1387,7,14
1388,13,8
1389,12,9
1390,6,15
1391,0,21
1392,1,20
1393,-1,13
1394,2,19
1395,1,20
1396,-4,16
1397,-21,24
1398,0,12
1399,5,16
1400,12,9
1401,7,14
1402,6,15
1403,-6,18
1404,3,18
1405,7,14
1406,-12,15
1407,6,15
1408,10,11
1409,-3,15
1410,-6,18
1411,3,18
1412,6,15
1413,6,15
1414,10,11
1415,-2,23
1416,6,15
1417,5,16
1418,8,13
1419,-3,15
1420,8,13
1421,12,9
1422,-15,18
1423,2,19
1424,-10,22
1425,6,15
1426,-16,19
1427,9,12
1428,7,14
1429,10,11
1430,-10,22
1431,7,14
1432,3,18
1433,0,12
1434,-10,13
1435,8,13
1436,12,9
1437,-1,13
1438,9,12
1439,7,14
1440,9,12
1441,9,12
1442,3,18
1443,-2,14
1444,8,13
1445,-18,21
1446,6,15
1447,14,7
1448,0,12
1449,4,17
1450,2,10
1451,10,11
1452,0,21
1453,6,15
1454,7,14
1455,6,15
1456,4,17
1457,5,16
1458,8,13
1459,4,17
1460,3,18
1461,7,14
1462,6,15
1463,-1,13
1464,-2,14
1465,-3,15
1466,9,12
1467,5,16
1468,3,18
1469,9,12
1470,8,13
1471,8,13
1472,8,13
1473,1,20
1474,-5,17
1475,10,11
1476,-2,14
1477,8,13
1478,7,14
1479,-4,16
1480,-14,17
1481,10,11
1482,-2,14
1483,4,17
1484,-1,13
1485,10,11
1486,-6,18
1487,7,14
1488,-5,17
1489,8,13
1490,5,16
1491,4,17
1492,10,11
1493,6,15
1494,-3,24
1495,10,11
1496,9,12
1497,-2,14
1498,9,12
1499,-4,16
1500,2,10
1501,9,12
1502,4,17
1503,11,10
1504,8,13
1505,-8,20
1506,11,10
1507,5,16
1508,10,11
1509,-7,19
1510,3,18
1511,10,11
1512,-9,21
1513,3,18
1514,9,12
1515,-3,15
1516,10,11
1517,7,14
1518,-12,15
1519,-4,16
1520,4,17
1521,3,18
1522,8,13
1523,6,15
1524,4,17
1525,10,11
1526,-6,18
1527,5,16
1528,7,14
1529,-4,16
1530,5,16
1531,-2,14
1532,4,8
1533,-3,15
1534,-7,19
1535,11,10
1536,4,17
1537,13,8
1538,-2,14
1539,5,16
1540,-5,17
1541,8,13
1542,2,19
1543,-5,17
1544,6,15
1545,-12,15
1546,11,10
1547,8,13
1548,7,14
1549,-4,16
1550,3,18
1551,5,16
1552,-1,13
1553,-4,16
1554,6,15
1555,5,16
1556,-19,22
1557,4,17
1558,7,14
1559,-10,13
1560,-5,17
1561,-8,20
1562,9,12
1563,0,12
1564,-2,14
1565,7,14
1566,-4,16
1567,8,13
1568,12,9
1569,2,19
1570,10,11
1571,9,12
1572,2,19
1573,0,21
1574,-4,16
1575,-3,15
1576,8,13
1577,6,15
1578,-7,19
1579,-7,19
1580,6,15
1581,3,18
1582,-1,22
1583,-3,15
1584,10,11
1585,9,12
1586,-1,13
1587,-2,14
1588,4,8
1589,5,16
1590,10,11
1591,8,13
1592,0,12
1593,6,15
1594,6,15
1595,11,10
1596,12,9
1597,-13,16
1598,3,18
1599,0,12
1600,-8,20
1601,1,20
1602,7,14
1603,4,17
1604,-13,25
1605,1,11
1606,7,14
1607,7,14
1608,-2,14
1609,7,14
1610,7,14
1611,10,11
1612,-7,19
1613,10,11
1614,8,13
1615,-17,20
1616,6,15
1617,-26,20
1618,11,10
1619,6,15
1620,-5,17
1621,12,9
1622,4,17
1623,9,12
1624,5,16
1625,-8,20
1626,-4,16
1627,12,9
1628,7,14
1629,0,12
1630,-4,16
1631,8,13
1632,7,14
1633,8,13
1634,-9,21
1635,7,14
1636,-12,24
1637,6,15
1638,8,13
1639,6,15
1640,8,13
1641,1,11
1642,7,14
1643,10,11
1644,-9,21
1645,9,12
1646,9,12
1647,4,17
1648,10,11
1649,9,12
1650,6,15
1651,-15,18
1652,-2,14
1653,5,16
1654,-4,16
1655,7,14
1656,9,12
1657,-5,17
1658,-2,14
1659,-4,16
1660,-4,16
1661,4,17
1662,6,15
1663,12,9
1664,-1,13
1665,14,7
1666,7,14
1667,-3,15
1668,14,7
1669,-5,17
1670,8,13
1671,-3,15
1672,4,17
1673,-3,15
1674,8,13
1675,-5,17
1676,7,14
1677,-2,14
1678,0,21
1679,7,14
1680,1,11
1681,-21,24
1682,-4,16
1683,5,16
1684,0,12
1685,6,15
1686,-12,15
1687,2,10
1688,5,7
1689,6,15
1690,-3,15
1691,6,15
1692,6,15
1693,6,15
1694,-3,15
1695,10,11
1696,-5,17
1697,-4,16
1698,-4,16
1699,-4,16
1700,8,13
1701,13,8
1702,9,12
1703,-1,13
1704,-4,16
1705,3,18
1706,10,11
1707,-4,16
1708,7,14
1709,-27,21
1710,9,12
1711,-6,18
1712,-20,23
1713,1,20
1714,9,12
1715,-3,15
1716,12,9
1717,-4,16
1718,9,12
1719,-4,16
1720,0,12
1721,7,14
1722,0,12
1723,4,17
1724,-19,22
1725,5,16
1726,-4,16
1727,13,8
1728,7,14
1729,6,15
1730,11,10
1731,1,11
1732,-13,16
1733,1,11
1734,9,12
1735,6,15
1736,4,17
1737,10,11
1738,-2,14
1739,4,17
1740,6,15
1741,9,12
1742,7,14
1743,-8,20
1744,6,15
1745,3,18
1746,3,18
1747,5,16
1748,8,13
1749,-4,16
1750,14,7
1751,0,21
1752,13,8
1753,8,13
1754,10,11
1755,3,18
1756,4,17
1757,7,14
1758,8,13
1759,6,15
1760,6,15
1761,9,12
1762,4,17
1763,9,12
1764,-15,18
1765,-6,18
1766,9,12
1767,-5,17
1768,10,11
1769,9,12
1770,6,15
1771,8,13
1772,-29,23
1773,-13,16
1774,5,16
1775,8,13
1776,-2,14
1777,6,15
1778,2,19
1779,7,14
1780,-12,15
1781,4,17
1782,11,10
1783,-2,14
1784,1,20
1785,-5,17
1786,-6,18
1787,5,16
1788,12,9
1789,-3,15
1790,8,13
1791,2,10
1792,6,15
1793,-6,18
1794,-28,22
1795,9,12
1796,-19,22
1797,11,10
1798,4,17
1799,7,14
1800,11,10
1801,-2,14
1802,14,7
1803,7,14
1804,-20,23
1805,11,10
1806,13,8
1807,5,16
1808,12,9
1809,2,19
1810,-1,13
1811,11,10
1812,-39,24
1813,-5,17
1814,7,14
1815,8,13
1816,8,13
1817,-14,26
1818,-19,22
1819,3,18
1820,7,14
1821,8,13
1822,2,19
1823,5,16
1824,2,19
1825,-17,20
1826,5,16
1827,-4,16
1828,8,13
1829,10,11
1830,3,18
1831,-3,15
1832,10,11
1833,3,18
1834,6,15
1835,7,14
1836,-4,16
1837,3,18
1838,11,10
1839,-3,15
1840,-18,21
1841,12,9
1842,-12,15
1843,-5,17
1844,3,18
1845,8,13
1846,7,14
1847,-17,20
1848,9,12
1849,7,14
1850,15,6
1851,7,14
1852,9,12
1853,2,19
1854,12,9
1855,-2,14
1856,-8,20
1857,11,10
1858,3,18
1859,-5,17
1860,11,10
1861,8,13
1862,-11,23
1863,3,18
1864,6,15
1865,3,18
1866,-11,14
1867,4,17
1868,11,10
1869,3,18
1870,-5,17
1871,-6,18
1872,9,12
1873,14,7
1874,-8,20
1875,11,10
1876,1,20
1877,-5,17
1878,0,12
1879,5,16
1880,-4,16
1881,11,10
1882,1,20
1883,6,15
1884,-22,25
1885,6,15
1886,11,10
1887,-4,16
1888,3,18
1889,-23,17
1890,-3,15
1891,-8,20
1892,5,16
1893,5,16
1894,3,18
1895,6,15
1896,-4,16
1897,11,10
1898,-6,18
1899,-16,19
1900,-7,19
1901,12,9
1902,12,9
1903,4,17
1904,10,11
1905,5,16
1906,-5,17
1907,3,18
1908,-2,14
1909,3,18
1910,0,21
1911,14,7
1912,-5,17
1913,-12,15
1914,14,7
1915,6,15
1916,5,16
1917,9,12
1918,6,15
1919,-18,30
1920,-4,16
1921,6,15
1922,2,19
1923,-15,18
1924,4,17
1925,9,12
1926,7,14
1927,3,18
1928,7,14
1929,-5,17
1930,-4,16
1931,-5,17
1932,-10,13
1933,-7,19
1934,-11,14
1935,-3,15
1936,-12,15
1937,-3,15
1938,-8,20
1939,-26,20
1940,3,18
1941,7,14
1942,5,16
1943,7,14
1944,9,12
1945,-3,15
1946,-1,13
1947,6,15
1948,4,17
1949,13,8
1950,-20,14
1951,-5,17
1952,12,9
1953,0,12
1954,6,15
1955,7,14
1956,13,8
1957,15,6
1958,12,9
1959,-5,17
1960,8,13
1961,10,11
1962,-3,15
1963,5,16
1964,-14,17
1965,-1,22
1966,-6,18
1967,11,10
1968,-13,16
1969,9,12
1970,4,17
1971,2,19
1972,-3,15
1973,-15,18
1974,-4,16
1975,8,13
1976,7,14
1977,9,12
1978,-2,14
1979,-6,18
1980,-13,25
1981,7,14
1982,10,11
1983,5,16
1984,-9,21
1985,0,12
1986,10,11
1987,8,13
1988,-7,19
1989,-1,13
1990,4,17
1991,-4,16
1992,-2,14
1993,7,14
1994,5,16
1995,-1,22
1996,3,18
1997,1,20
1998,-3,15
1999,7,14
2000,10,11
